,Data Series,Concentration,Time,Intensity
0,pH_7.9,47uM_3,0.0,132.7
1,pH_7.9,47uM_3,1.0,132.6
2,pH_7.9,47uM_3,2.0,132.635
3,pH_7.9,47uM_3,3.0,132.359
4,pH_7.9,47uM_3,4.0,132.781
5,pH_7.9,47uM_3,5.0,132.709
6,pH_7.9,47uM_3,6.0,132.898
7,pH_7.9,47uM_3,7.0,132.724
8,pH_7.9,47uM_3,8.0,132.988
9,pH_7.9,47uM_3,9.0,133.03
10,pH_7.9,47uM_3,10.0,133.079
11,pH_7.9,47uM_3,11.0,132.983
12,pH_7.9,47uM_3,12.0,133.368
13,pH_7.9,47uM_3,13.0,133.016
14,pH_7.9,47uM_3,14.0,133.239
15,pH_7.9,47uM_3,15.0,133.407
16,pH_7.9,47uM_3,16.0,133.286
17,pH_7.9,47uM_3,17.0,133.393
18,pH_7.9,47uM_3,18.0,133.605
19,pH_7.9,47uM_3,19.0,133.6
20,pH_7.9,47uM_3,20.0,133.548
21,pH_7.9,47uM_3,21.0,133.702
22,pH_7.9,47uM_3,22.0,133.62
23,pH_7.9,47uM_3,23.0,133.621
24,pH_7.9,47uM_3,24.0,133.919
25,pH_7.9,47uM_3,25.0,133.788
26,pH_7.9,47uM_3,26.0,134.075
27,pH_7.9,47uM_3,27.0,133.831
28,pH_7.9,47uM_3,28.0,134.035
29,pH_7.9,47uM_3,29.0,134.13
30,pH_7.9,47uM_3,30.0,134.116
31,pH_7.9,"1,5uM_2",0.0,3.3223
32,pH_7.9,"1,5uM_2",1.0,3.287
33,pH_7.9,"1,5uM_2",2.0,3.2704
34,pH_7.9,"1,5uM_2",3.0,3.2941
35,pH_7.9,"1,5uM_2",4.0,3.294
36,pH_7.9,"1,5uM_2",5.0,3.2772
37,pH_7.9,"1,5uM_2",6.0,3.2865
38,pH_7.9,"1,5uM_2",7.0,3.2889
39,pH_7.9,"1,5uM_2",8.0,3.2691
40,pH_7.9,"1,5uM_2",9.0,3.2811
41,pH_7.9,"1,5uM_2",10.0,3.3285
42,pH_7.9,"1,5uM_2",11.0,3.3049
43,pH_7.9,"1,5uM_2",12.0,3.3119
44,pH_7.9,"1,5uM_2",13.0,3.3508
45,pH_7.9,"1,5uM_2",14.0,3.3511
46,pH_7.9,"1,5uM_2",15.0,3.2872
47,pH_7.9,"1,5uM_2",16.0,3.3716
48,pH_7.9,"1,5uM_2",17.0,3.3351
49,pH_7.9,"1,5uM_2",18.0,3.3748
50,pH_7.9,"1,5uM_2",19.0,3.3861
51,pH_7.9,"1,5uM_2",20.0,3.3948
52,pH_7.9,"1,5uM_2",21.0,3.3768
53,pH_7.9,"1,5uM_2",22.0,3.3929
54,pH_7.9,"1,5uM_2",23.0,3.3693
55,pH_7.9,"1,5uM_2",24.0,3.4056
56,pH_7.9,"1,5uM_2",25.0,3.3957
57,pH_7.9,"1,5uM_2",26.0,3.4242
58,pH_7.9,"1,5uM_2",27.0,3.4487
59,pH_7.9,"1,5uM_2",28.0,3.4025
60,pH_7.9,"1,5uM_2",29.0,3.4368
61,pH_7.9,"1,5uM_2",30.0,3.4121
62,pH_7.9,"4,7uM_2",0.0,12.519
63,pH_7.9,"4,7uM_2",1.0,12.5211
64,pH_7.9,"4,7uM_2",2.0,12.5694
65,pH_7.9,"4,7uM_2",3.0,12.5584
66,pH_7.9,"4,7uM_2",4.0,12.5353
67,pH_7.9,"4,7uM_2",5.0,12.5274
68,pH_7.9,"4,7uM_2",6.0,12.5191
69,pH_7.9,"4,7uM_2",7.0,12.5675
70,pH_7.9,"4,7uM_2",8.0,12.559
71,pH_7.9,"4,7uM_2",9.0,12.639
72,pH_7.9,"4,7uM_2",10.0,12.5552
73,pH_7.9,"4,7uM_2",11.0,12.6588
74,pH_7.9,"4,7uM_2",12.0,12.58
75,pH_7.9,"4,7uM_2",13.0,12.5703
76,pH_7.9,"4,7uM_2",14.0,12.6603
77,pH_7.9,"4,7uM_2",15.0,12.5964
78,pH_7.9,"4,7uM_2",16.0,12.6361
79,pH_7.9,"4,7uM_2",17.0,12.6647
80,pH_7.9,"4,7uM_2",18.0,12.677
81,pH_7.9,"4,7uM_2",19.0,12.6959
82,pH_7.9,"4,7uM_2",20.0,12.725
83,pH_7.9,"4,7uM_2",21.0,12.7395
84,pH_7.9,"4,7uM_2",22.0,12.7275
85,pH_7.9,"4,7uM_2",23.0,12.7759
86,pH_7.9,"4,7uM_2",24.0,12.7616
87,pH_7.9,"4,7uM_2",25.0,12.672
88,pH_7.9,"4,7uM_2",26.0,12.7827
89,pH_7.9,"4,7uM_2",27.0,12.735
90,pH_7.9,"4,7uM_2",28.0,12.7591
91,pH_7.9,"4,7uM_2",29.0,12.8351
92,pH_7.9,"4,7uM_2",30.0,12.8316
93,pH_7.9,15uM_2,0.0,34.3088
94,pH_7.9,15uM_2,1.0,34.3947
95,pH_7.9,15uM_2,2.0,34.1667
96,pH_7.9,15uM_2,3.0,34.2235
97,pH_7.9,15uM_2,4.0,34.2886
98,pH_7.9,15uM_2,5.0,34.2933
99,pH_7.9,15uM_2,6.0,34.3095
100,pH_7.9,15uM_2,7.0,34.3171
101,pH_7.9,15uM_2,8.0,34.3642
102,pH_7.9,15uM_2,9.0,34.4604
103,pH_7.9,15uM_2,10.0,34.393
104,pH_7.9,15uM_2,11.0,34.4496
105,pH_7.9,15uM_2,12.0,34.4589
106,pH_7.9,15uM_2,13.0,34.5502
107,pH_7.9,15uM_2,14.0,34.4647
108,pH_7.9,15uM_2,15.0,34.6334
109,pH_7.9,15uM_2,16.0,34.5771
110,pH_7.9,15uM_2,17.0,34.5818
111,pH_7.9,15uM_2,18.0,34.607
112,pH_7.9,15uM_2,19.0,34.75
113,pH_7.9,15uM_2,20.0,34.7719
114,pH_7.9,15uM_2,21.0,35.2956
115,pH_7.9,15uM_2,22.0,35.3106
116,pH_7.9,15uM_2,23.0,35.3337
117,pH_7.9,15uM_2,24.0,35.4361
118,pH_7.9,15uM_2,25.0,35.4899
119,pH_7.9,15uM_2,26.0,35.5376
120,pH_7.9,15uM_2,27.0,35.3061
121,pH_7.9,15uM_2,28.0,34.6071
122,pH_7.9,15uM_2,29.0,34.5336
123,pH_7.9,15uM_2,30.0,34.7627
124,pH_7.9,15uM_1,0.0,34.1422
125,pH_7.9,15uM_1,1.0,34.1846
126,pH_7.9,15uM_1,2.0,34.1062
127,pH_7.9,15uM_1,3.0,34.2796
128,pH_7.9,15uM_1,4.0,34.1738
129,pH_7.9,15uM_1,5.0,34.1643
130,pH_7.9,15uM_1,6.0,34.1356
131,pH_7.9,15uM_1,7.0,34.2023
132,pH_7.9,15uM_1,8.0,34.1892
133,pH_7.9,15uM_1,9.0,34.1554
134,pH_7.9,15uM_1,10.0,34.1317
135,pH_7.9,15uM_1,11.0,34.1542
136,pH_7.9,15uM_1,12.0,34.1796
137,pH_7.9,15uM_1,13.0,34.2717
138,pH_7.9,15uM_1,14.0,34.2211
139,pH_7.9,15uM_1,15.0,34.2759
140,pH_7.9,15uM_1,16.0,34.2625
141,pH_7.9,15uM_1,17.0,34.2582
142,pH_7.9,15uM_1,18.0,34.2769
143,pH_7.9,15uM_1,19.0,34.2888
144,pH_7.9,15uM_1,20.0,34.1713
145,pH_7.9,15uM_1,21.0,34.2901
146,pH_7.9,15uM_1,22.0,34.3005
147,pH_7.9,15uM_1,23.0,34.3637
148,pH_7.9,15uM_1,24.0,34.3215
149,pH_7.9,15uM_1,25.0,34.2845
150,pH_7.9,15uM_1,26.0,34.334
151,pH_7.9,15uM_1,27.0,34.3349
152,pH_7.9,15uM_1,28.0,34.2572
153,pH_7.9,15uM_1,29.0,34.3493
154,pH_7.9,15uM_1,30.0,34.348
155,pH_7.9,"4,7uM_1",0.0,12.4775
156,pH_7.9,"4,7uM_1",1.0,12.4693
157,pH_7.9,"4,7uM_1",2.0,12.5458
158,pH_7.9,"4,7uM_1",3.0,12.4553
159,pH_7.9,"4,7uM_1",4.0,12.4861
160,pH_7.9,"4,7uM_1",5.0,12.4701
161,pH_7.9,"4,7uM_1",6.0,12.5058
162,pH_7.9,"4,7uM_1",7.0,12.4409
163,pH_7.9,"4,7uM_1",8.0,12.4801
164,pH_7.9,"4,7uM_1",9.0,12.4333
165,pH_7.9,"4,7uM_1",10.0,12.3985
166,pH_7.9,"4,7uM_1",11.0,12.4452
167,pH_7.9,"4,7uM_1",12.0,12.4642
168,pH_7.9,"4,7uM_1",13.0,12.4262
169,pH_7.9,"4,7uM_1",14.0,12.4692
170,pH_7.9,"4,7uM_1",15.0,12.472
171,pH_7.9,"4,7uM_1",16.0,12.5415
172,pH_7.9,"4,7uM_1",17.0,12.5352
173,pH_7.9,"4,7uM_1",18.0,12.5291
174,pH_7.9,"4,7uM_1",19.0,12.4966
175,pH_7.9,"4,7uM_1",20.0,12.5565
176,pH_7.9,"4,7uM_1",21.0,12.4797
177,pH_7.9,"4,7uM_1",22.0,12.5101
178,pH_7.9,"4,7uM_1",23.0,12.4923
179,pH_7.9,"4,7uM_1",24.0,12.5018
180,pH_7.9,"4,7uM_1",25.0,12.5807
181,pH_7.9,"4,7uM_1",26.0,12.5455
182,pH_7.9,"4,7uM_1",27.0,12.5305
183,pH_7.9,"4,7uM_1",28.0,12.5414
184,pH_7.9,"4,7uM_1",29.0,12.5565
185,pH_7.9,"4,7uM_1",30.0,12.5369
186,pH_7.9,47uM_1,0.0,131.507
187,pH_7.9,47uM_1,1.0,131.842
188,pH_7.9,47uM_1,2.0,131.91
189,pH_7.9,47uM_1,3.0,131.9
190,pH_7.9,47uM_1,4.0,131.752
191,pH_7.9,47uM_1,5.0,131.79
192,pH_7.9,47uM_1,6.0,131.744
193,pH_7.9,47uM_1,7.0,131.567
194,pH_7.9,47uM_1,8.0,131.674
195,pH_7.9,47uM_1,9.0,131.736
196,pH_7.9,47uM_1,10.0,131.912
197,pH_7.9,47uM_1,11.0,131.601
198,pH_7.9,47uM_1,12.0,131.782
199,pH_7.9,47uM_1,13.0,131.874
200,pH_7.9,47uM_1,14.0,131.731
201,pH_7.9,47uM_1,15.0,131.971
202,pH_7.9,47uM_1,16.0,132.088
203,pH_7.9,47uM_1,17.0,131.995
204,pH_7.9,47uM_1,18.0,132.048
205,pH_7.9,47uM_1,19.0,131.996
206,pH_7.9,47uM_1,20.0,132.187
207,pH_7.9,47uM_1,21.0,132.171
208,pH_7.9,47uM_1,22.0,132.427
209,pH_7.9,47uM_1,23.0,132.251
210,pH_7.9,47uM_1,24.0,132.262
211,pH_7.9,47uM_1,25.0,132.607
212,pH_7.9,47uM_1,26.0,132.142
213,pH_7.9,47uM_1,27.0,132.566
214,pH_7.9,47uM_1,28.0,132.236
215,pH_7.9,47uM_1,29.0,132.081
216,pH_7.9,47uM_1,30.0,132.369
217,pH_7.9,"1,5uM_3",0.0,3.4533
218,pH_7.9,"1,5uM_3",1.0,3.4408
219,pH_7.9,"1,5uM_3",2.0,3.433
220,pH_7.9,"1,5uM_3",3.0,3.4631
221,pH_7.9,"1,5uM_3",4.0,3.4507
222,pH_7.9,"1,5uM_3",5.0,3.4624
223,pH_7.9,"1,5uM_3",6.0,3.4782
224,pH_7.9,"1,5uM_3",7.0,3.4823
225,pH_7.9,"1,5uM_3",8.0,3.4595
226,pH_7.9,"1,5uM_3",9.0,3.4391
227,pH_7.9,"1,5uM_3",10.0,3.4848
228,pH_7.9,"1,5uM_3",11.0,3.46
229,pH_7.9,"1,5uM_3",12.0,3.5024
230,pH_7.9,"1,5uM_3",13.0,3.5096
231,pH_7.9,"1,5uM_3",14.0,3.5011
232,pH_7.9,"1,5uM_3",15.0,3.4456
233,pH_7.9,"1,5uM_3",16.0,3.4814
234,pH_7.9,"1,5uM_3",17.0,3.4804
235,pH_7.9,"1,5uM_3",18.0,3.4965
236,pH_7.9,"1,5uM_3",19.0,3.4692
237,pH_7.9,"1,5uM_3",20.0,3.465
238,pH_7.9,"1,5uM_3",21.0,3.4685
239,pH_7.9,"1,5uM_3",22.0,3.5111
240,pH_7.9,"1,5uM_3",23.0,3.4967
241,pH_7.9,"1,5uM_3",24.0,3.4676
242,pH_7.9,"1,5uM_3",25.0,3.4784
243,pH_7.9,"1,5uM_3",26.0,3.4596
244,pH_7.9,"1,5uM_3",27.0,3.4502
245,pH_7.9,"1,5uM_3",28.0,3.4976
246,pH_7.9,"1,5uM_3",29.0,3.439
247,pH_7.9,"1,5uM_3",30.0,3.4615
248,pH_7.9,150uM_2,0.0,285.24
249,pH_7.9,150uM_2,1.0,285.009
250,pH_7.9,150uM_2,2.0,284.972
251,pH_7.9,150uM_2,3.0,285.636
252,pH_7.9,150uM_2,4.0,285.143
253,pH_7.9,150uM_2,5.0,285.054
254,pH_7.9,150uM_2,6.0,285.145
255,pH_7.9,150uM_2,7.0,285.36
256,pH_7.9,150uM_2,8.0,285.069
257,pH_7.9,150uM_2,9.0,285.247
258,pH_7.9,150uM_2,10.0,285.907
259,pH_7.9,150uM_2,11.0,285.825
260,pH_7.9,150uM_2,12.0,285.612
261,pH_7.9,150uM_2,13.0,285.952
262,pH_7.9,150uM_2,14.0,285.835
263,pH_7.9,150uM_2,15.0,286.222
264,pH_7.9,150uM_2,16.0,285.779
265,pH_7.9,150uM_2,17.0,286.008
266,pH_7.9,150uM_2,18.0,286.174
267,pH_7.9,150uM_2,19.0,286.147
268,pH_7.9,150uM_2,20.0,286.076
269,pH_7.9,150uM_2,21.0,286.562
270,pH_7.9,150uM_2,22.0,286.433
271,pH_7.9,150uM_2,23.0,286.478
272,pH_7.9,150uM_2,24.0,287.181
273,pH_7.9,150uM_2,25.0,287.068
274,pH_7.9,150uM_2,26.0,287.304
275,pH_7.9,150uM_2,27.0,286.883
276,pH_7.9,150uM_2,28.0,287.102
277,pH_7.9,150uM_2,29.0,287.093
278,pH_7.9,150uM_2,30.0,287.452
279,pH_7.9,15uM_3,0.0,34.7382
280,pH_7.9,15uM_3,1.0,34.7815
281,pH_7.9,15uM_3,2.0,34.7609
282,pH_7.9,15uM_3,3.0,34.6456
283,pH_7.9,15uM_3,4.0,34.7958
284,pH_7.9,15uM_3,5.0,34.6669
285,pH_7.9,15uM_3,6.0,34.7714
286,pH_7.9,15uM_3,7.0,34.6649
287,pH_7.9,15uM_3,8.0,34.786
288,pH_7.9,15uM_3,9.0,34.7605
289,pH_7.9,15uM_3,10.0,34.7934
290,pH_7.9,15uM_3,11.0,34.7775
291,pH_7.9,15uM_3,12.0,34.798
292,pH_7.9,15uM_3,13.0,34.8228
293,pH_7.9,15uM_3,14.0,34.8527
294,pH_7.9,15uM_3,15.0,34.8693
295,pH_7.9,15uM_3,16.0,34.8765
296,pH_7.9,15uM_3,17.0,34.8484
297,pH_7.9,15uM_3,18.0,34.9403
298,pH_7.9,15uM_3,19.0,34.8952
299,pH_7.9,15uM_3,20.0,34.9294
300,pH_7.9,15uM_3,21.0,34.9968
301,pH_7.9,15uM_3,22.0,34.99
302,pH_7.9,15uM_3,23.0,34.9871
303,pH_7.9,15uM_3,24.0,34.9865
304,pH_7.9,15uM_3,25.0,35.0024
305,pH_7.9,15uM_3,26.0,34.9939
306,pH_7.9,15uM_3,27.0,35.1836
307,pH_7.9,15uM_3,28.0,35.1225
308,pH_7.9,15uM_3,29.0,35.2528
309,pH_7.9,15uM_3,30.0,35.2642
310,pH_7.9,"4,7uM_3",0.0,12.8553
311,pH_7.9,"4,7uM_3",1.0,12.7772
312,pH_7.9,"4,7uM_3",2.0,12.8021
313,pH_7.9,"4,7uM_3",3.0,12.8661
314,pH_7.9,"4,7uM_3",4.0,12.8537
315,pH_7.9,"4,7uM_3",5.0,12.7735
316,pH_7.9,"4,7uM_3",6.0,12.8954
317,pH_7.9,"4,7uM_3",7.0,12.8761
318,pH_7.9,"4,7uM_3",8.0,12.8187
319,pH_7.9,"4,7uM_3",9.0,12.893
320,pH_7.9,"4,7uM_3",10.0,12.8573
321,pH_7.9,"4,7uM_3",11.0,12.9393
322,pH_7.9,"4,7uM_3",12.0,12.9083
323,pH_7.9,"4,7uM_3",13.0,12.9223
324,pH_7.9,"4,7uM_3",14.0,12.8959
325,pH_7.9,"4,7uM_3",15.0,12.8913
326,pH_7.9,"4,7uM_3",16.0,12.9444
327,pH_7.9,"4,7uM_3",17.0,12.9053
328,pH_7.9,"4,7uM_3",18.0,12.9601
329,pH_7.9,"4,7uM_3",19.0,12.9631
330,pH_7.9,"4,7uM_3",20.0,12.9206
331,pH_7.9,"4,7uM_3",21.0,12.9625
332,pH_7.9,"4,7uM_3",22.0,13.0342
333,pH_7.9,"4,7uM_3",23.0,12.906
334,pH_7.9,"4,7uM_3",24.0,12.9571
335,pH_7.9,"4,7uM_3",25.0,12.9259
336,pH_7.9,"4,7uM_3",26.0,12.9453
337,pH_7.9,"4,7uM_3",27.0,12.9245
338,pH_7.9,"4,7uM_3",28.0,12.9999
339,pH_7.9,"4,7uM_3",29.0,12.9432
340,pH_7.9,"4,7uM_3",30.0,12.935
341,pH_7.9,15uM_4,0.0,35.347
342,pH_7.9,15uM_4,1.0,35.2873
343,pH_7.9,15uM_4,2.0,35.3577
344,pH_7.9,15uM_4,3.0,35.3407
345,pH_7.9,15uM_4,4.0,35.4796
346,pH_7.9,15uM_4,5.0,35.4106
347,pH_7.9,15uM_4,6.0,35.3765
348,pH_7.9,15uM_4,7.0,35.4895
349,pH_7.9,15uM_4,8.0,35.4102
350,pH_7.9,15uM_4,9.0,35.4338
351,pH_7.9,15uM_4,10.0,35.5175
352,pH_7.9,15uM_4,11.0,35.568
353,pH_7.9,15uM_4,12.0,35.7476
354,pH_7.9,15uM_4,13.0,35.6036
355,pH_7.9,15uM_4,14.0,35.6814
356,pH_7.9,15uM_4,15.0,35.6172
357,pH_7.9,15uM_4,16.0,35.6903
358,pH_7.9,15uM_4,17.0,35.7136
359,pH_7.9,15uM_4,18.0,35.7444
360,pH_7.9,15uM_4,19.0,35.7746
361,pH_7.9,15uM_4,20.0,35.8525
362,pH_7.9,15uM_4,21.0,35.86
363,pH_7.9,15uM_4,22.0,35.9823
364,pH_7.9,15uM_4,23.0,36.0345
365,pH_7.9,15uM_4,24.0,35.9563
366,pH_7.9,15uM_4,25.0,35.9534
367,pH_7.9,15uM_4,26.0,36.0758
368,pH_7.9,15uM_4,27.0,36.0337
369,pH_7.9,15uM_4,28.0,36.0231
370,pH_7.9,15uM_4,29.0,36.1014
371,pH_7.9,15uM_4,30.0,36.2123
372,pH_7.9,150uM_1,0.0,282.314
373,pH_7.9,150uM_1,1.0,282.415
374,pH_7.9,150uM_1,2.0,282.93
375,pH_7.9,150uM_1,3.0,283.119
376,pH_7.9,150uM_1,4.0,282.705
377,pH_7.9,150uM_1,5.0,282.55
378,pH_7.9,150uM_1,6.0,282.993
379,pH_7.9,150uM_1,7.0,282.933
380,pH_7.9,150uM_1,8.0,282.821
381,pH_7.9,150uM_1,9.0,283.451
382,pH_7.9,150uM_1,10.0,282.833
383,pH_7.9,150uM_1,11.0,283.347
384,pH_7.9,150uM_1,12.0,282.795
385,pH_7.9,150uM_1,13.0,283.995
386,pH_7.9,150uM_1,14.0,283.284
387,pH_7.9,150uM_1,15.0,283.61
388,pH_7.9,150uM_1,16.0,283.558
389,pH_7.9,150uM_1,17.0,283.509
390,pH_7.9,150uM_1,18.0,284.082
391,pH_7.9,150uM_1,19.0,283.665
392,pH_7.9,150uM_1,20.0,284.113
393,pH_7.9,150uM_1,21.0,283.78
394,pH_7.9,150uM_1,22.0,283.805
395,pH_7.9,150uM_1,23.0,283.769
396,pH_7.9,150uM_1,24.0,284.595
397,pH_7.9,150uM_1,25.0,284.447
398,pH_7.9,150uM_1,26.0,283.95
399,pH_7.9,150uM_1,27.0,284.354
400,pH_7.9,150uM_1,28.0,284.471
401,pH_7.9,150uM_1,29.0,284.389
402,pH_7.9,150uM_1,30.0,284.79
403,pH_7.9,"1,5uM_1",0.0,3.3163
404,pH_7.9,"1,5uM_1",1.0,3.3211
405,pH_7.9,"1,5uM_1",2.0,3.3092
406,pH_7.9,"1,5uM_1",3.0,3.3319
407,pH_7.9,"1,5uM_1",4.0,3.289
408,pH_7.9,"1,5uM_1",5.0,3.3263
409,pH_7.9,"1,5uM_1",6.0,3.2955
410,pH_7.9,"1,5uM_1",7.0,3.3023
411,pH_7.9,"1,5uM_1",8.0,3.3158
412,pH_7.9,"1,5uM_1",9.0,3.3823
413,pH_7.9,"1,5uM_1",10.0,3.353
414,pH_7.9,"1,5uM_1",11.0,3.318
415,pH_7.9,"1,5uM_1",12.0,3.3282
416,pH_7.9,"1,5uM_1",13.0,3.3457
417,pH_7.9,"1,5uM_1",14.0,3.3262
418,pH_7.9,"1,5uM_1",15.0,3.3308
419,pH_7.9,"1,5uM_1",16.0,3.3635
420,pH_7.9,"1,5uM_1",17.0,3.317
421,pH_7.9,"1,5uM_1",18.0,3.3302
422,pH_7.9,"1,5uM_1",19.0,3.3041
423,pH_7.9,"1,5uM_1",20.0,3.3252
424,pH_7.9,"1,5uM_1",21.0,3.3217
425,pH_7.9,"1,5uM_1",22.0,3.2905
426,pH_7.9,"1,5uM_1",23.0,3.3022
427,pH_7.9,"1,5uM_1",24.0,3.3066
428,pH_7.9,"1,5uM_1",25.0,3.2986
429,pH_7.9,"1,5uM_1",26.0,3.3142
430,pH_7.9,"1,5uM_1",27.0,3.3078
431,pH_7.9,"1,5uM_1",28.0,3.2895
432,pH_7.9,"1,5uM_1",29.0,3.2659
433,pH_7.9,"1,5uM_1",30.0,3.2779
434,pH_7.9,47uM_2,0.0,132.7
435,pH_7.9,47uM_2,1.0,132.6
436,pH_7.9,47uM_2,2.0,132.635
437,pH_7.9,47uM_2,3.0,132.359
438,pH_7.9,47uM_2,4.0,132.781
439,pH_7.9,47uM_2,5.0,132.709
440,pH_7.9,47uM_2,6.0,132.898
441,pH_7.9,47uM_2,7.0,132.724
442,pH_7.9,47uM_2,8.0,132.988
443,pH_7.9,47uM_2,9.0,133.03
444,pH_7.9,47uM_2,10.0,133.079
445,pH_7.9,47uM_2,11.0,132.983
446,pH_7.9,47uM_2,12.0,133.368
447,pH_7.9,47uM_2,13.0,133.016
448,pH_7.9,47uM_2,14.0,133.239
449,pH_7.9,47uM_2,15.0,133.407
450,pH_7.9,47uM_2,16.0,133.286
451,pH_7.9,47uM_2,17.0,133.393
452,pH_7.9,47uM_2,18.0,133.605
453,pH_7.9,47uM_2,19.0,133.6
454,pH_7.9,47uM_2,20.0,133.548
455,pH_7.9,47uM_2,21.0,133.702
456,pH_7.9,47uM_2,22.0,133.62
457,pH_7.9,47uM_2,23.0,133.621
458,pH_7.9,47uM_2,24.0,133.919
459,pH_7.9,47uM_2,25.0,133.788
460,pH_7.9,47uM_2,26.0,134.075
461,pH_7.9,47uM_2,27.0,133.831
462,pH_7.9,47uM_2,28.0,134.035
463,pH_7.9,47uM_2,29.0,134.13
464,pH_7.9,47uM_2,30.0,134.116
465,pH_7.9,150uM_3,0.0,288.055
466,pH_7.9,150uM_3,1.0,287.94
467,pH_7.9,150uM_3,2.0,287.953
468,pH_7.9,150uM_3,3.0,287.652
469,pH_7.9,150uM_3,4.0,288.031
470,pH_7.9,150uM_3,5.0,287.894
471,pH_7.9,150uM_3,6.0,288.174
472,pH_7.9,150uM_3,7.0,288.377
473,pH_7.9,150uM_3,8.0,288.46
474,pH_7.9,150uM_3,9.0,288.06
475,pH_7.9,150uM_3,10.0,289.367
476,pH_7.9,150uM_3,11.0,288.685
477,pH_7.9,150uM_3,12.0,289.024
478,pH_7.9,150uM_3,13.0,289.18
479,pH_7.9,150uM_3,14.0,290.055
480,pH_7.9,150uM_3,15.0,288.846
481,pH_7.9,150uM_3,16.0,289.502
482,pH_7.9,150uM_3,17.0,289.296
483,pH_7.9,150uM_3,18.0,289.715
484,pH_7.9,150uM_3,19.0,289.711
485,pH_7.9,150uM_3,20.0,289.666
486,pH_7.9,150uM_3,21.0,289.644
487,pH_7.9,150uM_3,22.0,290.663
488,pH_7.9,150uM_3,23.0,290.132
489,pH_7.9,150uM_3,24.0,289.872
490,pH_7.9,150uM_3,25.0,290.553
491,pH_7.9,150uM_3,26.0,290.072
492,pH_7.9,150uM_3,27.0,289.949
493,pH_7.9,150uM_3,28.0,290.805
494,pH_7.9,150uM_3,29.0,290.504
495,pH_7.9,150uM_3,30.0,290.586
496,pH_9.0,"4,7uM_1",0.0,281.252
497,pH_9.0,"4,7uM_1",1.0,282.439
498,pH_9.0,"4,7uM_1",2.0,282.822
499,pH_9.0,"4,7uM_1",3.0,282.515
500,pH_9.0,"4,7uM_1",4.0,283.269
501,pH_9.0,"4,7uM_1",5.0,283.057
502,pH_9.0,"4,7uM_1",6.0,284.021
503,pH_9.0,"4,7uM_1",7.0,283.532
504,pH_9.0,"4,7uM_1",8.0,283.888
505,pH_9.0,"4,7uM_1",9.0,284.417
506,pH_9.0,"4,7uM_1",10.0,285.001
507,pH_9.0,"4,7uM_1",11.0,285.052
508,pH_9.0,"4,7uM_1",12.0,285.42
509,pH_9.0,"4,7uM_1",13.0,285.472
510,pH_9.0,"4,7uM_1",14.0,285.724
511,pH_9.0,"4,7uM_1",15.0,286.576
512,pH_9.0,"4,7uM_1",16.0,287.157
513,pH_9.0,"4,7uM_1",17.0,287.065
514,pH_9.0,"4,7uM_1",18.0,287.023
515,pH_9.0,"4,7uM_1",19.0,287.977
516,pH_9.0,"4,7uM_1",20.0,288.673
517,pH_9.0,"4,7uM_1",21.0,288.798
518,pH_9.0,"4,7uM_1",22.0,288.617
519,pH_9.0,"4,7uM_1",23.0,289.488
520,pH_9.0,"4,7uM_1",24.0,289.708
521,pH_9.0,"4,7uM_1",25.0,290.318
522,pH_9.0,"4,7uM_1",26.0,290.108
523,pH_9.0,"4,7uM_1",27.0,290.474
524,pH_9.0,"4,7uM_1",28.0,291.069
525,pH_9.0,"4,7uM_1",29.0,291.221
526,pH_9.0,"4,7uM_1",30.0,291.981
527,pH_9.0,150uM_3,0.0,170.936
528,pH_9.0,150uM_3,1.0,171.771
529,pH_9.0,150uM_3,2.0,174.678
530,pH_9.0,150uM_3,3.0,177.123
531,pH_9.0,150uM_3,4.0,176.242
532,pH_9.0,150uM_3,5.0,179.407
533,pH_9.0,150uM_3,6.0,177.454
534,pH_9.0,150uM_3,7.0,182.704
535,pH_9.0,150uM_3,8.0,182.805
536,pH_9.0,150uM_3,9.0,187.464
537,pH_9.0,150uM_3,10.0,185.63
538,pH_9.0,150uM_3,11.0,188.823
539,pH_9.0,150uM_3,12.0,192.015
540,pH_9.0,150uM_3,13.0,190.604
541,pH_9.0,150uM_3,14.0,194.146
542,pH_9.0,150uM_3,15.0,196.484
543,pH_9.0,150uM_3,16.0,196.922
544,pH_9.0,150uM_3,17.0,197.668
545,pH_9.0,150uM_3,18.0,202.436
546,pH_9.0,150uM_3,19.0,205.829
547,pH_9.0,150uM_3,20.0,203.95
548,pH_9.0,150uM_3,21.0,206.56
549,pH_9.0,150uM_3,22.0,208.856
550,pH_9.0,150uM_3,23.0,210.313
551,pH_9.0,150uM_3,24.0,212.058
552,pH_9.0,150uM_3,25.0,212.946
553,pH_9.0,150uM_3,26.0,215.42
554,pH_9.0,150uM_3,27.0,217.464
555,pH_9.0,150uM_3,28.0,217.476
556,pH_9.0,150uM_3,29.0,220.961
557,pH_9.0,150uM_3,30.0,223.501
558,pH_9.0,15uM_3,0.0,388.259
559,pH_9.0,15uM_3,1.0,388.954
560,pH_9.0,15uM_3,2.0,389.537
561,pH_9.0,15uM_3,3.0,389.333
562,pH_9.0,15uM_3,4.0,390.268
563,pH_9.0,15uM_3,5.0,391.663
564,pH_9.0,15uM_3,6.0,391.79
565,pH_9.0,15uM_3,7.0,392.578
566,pH_9.0,15uM_3,8.0,392.834
567,pH_9.0,15uM_3,9.0,392.98
568,pH_9.0,15uM_3,10.0,394.289
569,pH_9.0,15uM_3,11.0,394.232
570,pH_9.0,15uM_3,12.0,395.554
571,pH_9.0,15uM_3,13.0,395.368
572,pH_9.0,15uM_3,14.0,396.734
573,pH_9.0,15uM_3,15.0,396.613
574,pH_9.0,15uM_3,16.0,397.666
575,pH_9.0,15uM_3,17.0,398.372
576,pH_9.0,15uM_3,18.0,399.084
577,pH_9.0,15uM_3,19.0,399.323
578,pH_9.0,15uM_3,20.0,400.456
579,pH_9.0,15uM_3,21.0,401.358
580,pH_9.0,15uM_3,22.0,401.435
581,pH_9.0,15uM_3,23.0,402.399
582,pH_9.0,15uM_3,24.0,402.831
583,pH_9.0,15uM_3,25.0,403.114
584,pH_9.0,15uM_3,26.0,403.585
585,pH_9.0,15uM_3,27.0,404.671
586,pH_9.0,15uM_3,28.0,405.422
587,pH_9.0,15uM_3,29.0,405.65
588,pH_9.0,15uM_3,30.0,406.757
589,pH_9.0,"4,7uM_2",0.0,295.768
590,pH_9.0,"4,7uM_2",1.0,295.526
591,pH_9.0,"4,7uM_2",2.0,296.26
592,pH_9.0,"4,7uM_2",3.0,296.26
593,pH_9.0,"4,7uM_2",4.0,296.633
594,pH_9.0,"4,7uM_2",5.0,296.812
595,pH_9.0,"4,7uM_2",6.0,296.974
596,pH_9.0,"4,7uM_2",7.0,297.44
597,pH_9.0,"4,7uM_2",8.0,298.366
598,pH_9.0,"4,7uM_2",9.0,298.432
599,pH_9.0,"4,7uM_2",10.0,298.724
600,pH_9.0,"4,7uM_2",11.0,298.715
601,pH_9.0,"4,7uM_2",12.0,299.052
602,pH_9.0,"4,7uM_2",13.0,299.815
603,pH_9.0,"4,7uM_2",14.0,299.893
604,pH_9.0,"4,7uM_2",15.0,299.526
605,pH_9.0,"4,7uM_2",16.0,300.383
606,pH_9.0,"4,7uM_2",17.0,300.569
607,pH_9.0,"4,7uM_2",18.0,301.325
608,pH_9.0,"4,7uM_2",19.0,301.273
609,pH_9.0,"4,7uM_2",20.0,301.539
610,pH_9.0,"4,7uM_2",21.0,302.121
611,pH_9.0,"4,7uM_2",22.0,302.27
612,pH_9.0,"4,7uM_2",23.0,302.914
613,pH_9.0,"4,7uM_2",24.0,302.939
614,pH_9.0,"4,7uM_2",25.0,302.655
615,pH_9.0,"4,7uM_2",26.0,303.914
616,pH_9.0,"4,7uM_2",27.0,303.859
617,pH_9.0,"4,7uM_2",28.0,303.732
618,pH_9.0,"4,7uM_2",29.0,304.753
619,pH_9.0,"4,7uM_2",30.0,304.737
620,pH_9.0,"1,5uM_1",0.0,68.6479
621,pH_9.0,"1,5uM_1",1.0,68.6754
622,pH_9.0,"1,5uM_1",2.0,68.6607
623,pH_9.0,"1,5uM_1",3.0,68.7584
624,pH_9.0,"1,5uM_1",4.0,69.014
625,pH_9.0,"1,5uM_1",5.0,68.7851
626,pH_9.0,"1,5uM_1",6.0,68.7191
627,pH_9.0,"1,5uM_1",7.0,68.9268
628,pH_9.0,"1,5uM_1",8.0,69.0813
629,pH_9.0,"1,5uM_1",9.0,69.206
630,pH_9.0,"1,5uM_1",10.0,69.0683
631,pH_9.0,"1,5uM_1",11.0,69.0414
632,pH_9.0,"1,5uM_1",12.0,69.3759
633,pH_9.0,"1,5uM_1",13.0,69.6462
634,pH_9.0,"1,5uM_1",14.0,69.5546
635,pH_9.0,"1,5uM_1",15.0,69.7539
636,pH_9.0,"1,5uM_1",16.0,69.6029
637,pH_9.0,"1,5uM_1",17.0,69.7418
638,pH_9.0,"1,5uM_1",18.0,69.883
639,pH_9.0,"1,5uM_1",19.0,69.8837
640,pH_9.0,"1,5uM_1",20.0,70.0087
641,pH_9.0,"1,5uM_1",21.0,69.8643
642,pH_9.0,"1,5uM_1",22.0,69.9988
643,pH_9.0,"1,5uM_1",23.0,70.2548
644,pH_9.0,"1,5uM_1",24.0,70.2797
645,pH_9.0,"1,5uM_1",25.0,70.3373
646,pH_9.0,"1,5uM_1",26.0,70.4618
647,pH_9.0,"1,5uM_1",27.0,70.5781
648,pH_9.0,"1,5uM_1",28.0,70.6696
649,pH_9.0,"1,5uM_1",29.0,70.8003
650,pH_9.0,"1,5uM_1",30.0,70.665
651,pH_9.0,47uM_3,0.0,41.9509
652,pH_9.0,47uM_3,1.0,42.1673
653,pH_9.0,47uM_3,2.0,42.5156
654,pH_9.0,47uM_3,3.0,43.3702
655,pH_9.0,47uM_3,4.0,43.9002
656,pH_9.0,47uM_3,5.0,44.3645
657,pH_9.0,47uM_3,6.0,45.0656
658,pH_9.0,47uM_3,7.0,45.7671
659,pH_9.0,47uM_3,8.0,46.179
660,pH_9.0,47uM_3,9.0,46.3812
661,pH_9.0,47uM_3,10.0,46.7065
662,pH_9.0,47uM_3,11.0,47.7035
663,pH_9.0,47uM_3,12.0,48.0524
664,pH_9.0,47uM_3,13.0,48.5259
665,pH_9.0,47uM_3,14.0,49.4388
666,pH_9.0,47uM_3,15.0,49.4343
667,pH_9.0,47uM_3,16.0,50.2684
668,pH_9.0,47uM_3,17.0,50.3703
669,pH_9.0,47uM_3,18.0,51.0494
670,pH_9.0,47uM_3,19.0,51.6039
671,pH_9.0,47uM_3,20.0,52.3816
672,pH_9.0,47uM_3,21.0,52.9099
673,pH_9.0,47uM_3,22.0,53.2298
674,pH_9.0,47uM_3,23.0,54.0611
675,pH_9.0,47uM_3,24.0,54.2849
676,pH_9.0,47uM_3,25.0,55.1376
677,pH_9.0,47uM_3,26.0,56.0658
678,pH_9.0,47uM_3,27.0,56.3993
679,pH_9.0,47uM_3,28.0,57.0633
680,pH_9.0,47uM_3,29.0,57.4471
681,pH_9.0,47uM_3,30.0,57.7981
682,pH_9.0,150uM_1,0.0,11.7009
683,pH_9.0,150uM_1,1.0,12.1538
684,pH_9.0,150uM_1,2.0,12.5063
685,pH_9.0,150uM_1,3.0,16.3023
686,pH_9.0,150uM_1,4.0,16.2815
687,pH_9.0,150uM_1,5.0,18.2876
688,pH_9.0,150uM_1,6.0,19.7628
689,pH_9.0,150uM_1,7.0,23.4614
690,pH_9.0,150uM_1,8.0,22.203
691,pH_9.0,150uM_1,9.0,23.969
692,pH_9.0,150uM_1,10.0,25.7352
693,pH_9.0,150uM_1,11.0,27.5326
694,pH_9.0,150uM_1,12.0,29.8826
695,pH_9.0,150uM_1,13.0,32.2221
696,pH_9.0,150uM_1,14.0,29.5357
697,pH_9.0,150uM_1,15.0,32.3784
698,pH_9.0,150uM_1,16.0,34.038
699,pH_9.0,150uM_1,17.0,37.9506
700,pH_9.0,150uM_1,18.0,38.6342
701,pH_9.0,150uM_1,19.0,40.7043
702,pH_9.0,150uM_1,20.0,38.4856
703,pH_9.0,150uM_1,21.0,41.8031
704,pH_9.0,150uM_1,22.0,44.6453
705,pH_9.0,150uM_1,23.0,47.1761
706,pH_9.0,150uM_1,24.0,48.1944
707,pH_9.0,150uM_1,25.0,46.1603
708,pH_9.0,150uM_1,26.0,48.1882
709,pH_9.0,150uM_1,27.0,53.525
710,pH_9.0,150uM_1,28.0,53.6297
711,pH_9.0,150uM_1,29.0,55.5817
712,pH_9.0,150uM_1,30.0,61.2289
713,pH_9.0,47uM_1,0.0,9.1725
714,pH_9.0,47uM_1,1.0,9.1258
715,pH_9.0,47uM_1,2.0,9.7323
716,pH_9.0,47uM_1,3.0,10.135
717,pH_9.0,47uM_1,4.0,11.1309
718,pH_9.0,47uM_1,5.0,10.6764
719,pH_9.0,47uM_1,6.0,11.4014
720,pH_9.0,47uM_1,7.0,12.0738
721,pH_9.0,47uM_1,8.0,12.729
722,pH_9.0,47uM_1,9.0,13.3948
723,pH_9.0,47uM_1,10.0,13.7671
724,pH_9.0,47uM_1,11.0,13.8673
725,pH_9.0,47uM_1,12.0,14.2103
726,pH_9.0,47uM_1,13.0,14.5519
727,pH_9.0,47uM_1,14.0,15.8409
728,pH_9.0,47uM_1,15.0,15.8815
729,pH_9.0,47uM_1,16.0,16.4293
730,pH_9.0,47uM_1,17.0,17.2398
731,pH_9.0,47uM_1,18.0,17.3327
732,pH_9.0,47uM_1,19.0,18.1339
733,pH_9.0,47uM_1,20.0,17.9867
734,pH_9.0,47uM_1,21.0,18.9505
735,pH_9.0,47uM_1,22.0,18.9102
736,pH_9.0,47uM_1,23.0,19.2568
737,pH_9.0,47uM_1,24.0,20.31
738,pH_9.0,47uM_1,25.0,21.1649
739,pH_9.0,47uM_1,26.0,21.8506
740,pH_9.0,47uM_1,27.0,21.4302
741,pH_9.0,47uM_1,28.0,22.6824
742,pH_9.0,47uM_1,29.0,23.0015
743,pH_9.0,47uM_1,30.0,23.1528
744,pH_9.0,150uM_2,0.0,108.504
745,pH_9.0,150uM_2,1.0,110.654
746,pH_9.0,150uM_2,2.0,110.041
747,pH_9.0,150uM_2,3.0,111.723
748,pH_9.0,150uM_2,4.0,115.663
749,pH_9.0,150uM_2,5.0,112.669
750,pH_9.0,150uM_2,6.0,117.946
751,pH_9.0,150uM_2,7.0,118.001
752,pH_9.0,150uM_2,8.0,121.722
753,pH_9.0,150uM_2,9.0,119.328
754,pH_9.0,150uM_2,10.0,122.222
755,pH_9.0,150uM_2,11.0,125.488
756,pH_9.0,150uM_2,12.0,127.269
757,pH_9.0,150uM_2,13.0,129.225
758,pH_9.0,150uM_2,14.0,127.658
759,pH_9.0,150uM_2,15.0,130.615
760,pH_9.0,150uM_2,16.0,133.421
761,pH_9.0,150uM_2,17.0,136.584
762,pH_9.0,150uM_2,18.0,138.993
763,pH_9.0,150uM_2,19.0,140.009
764,pH_9.0,150uM_2,20.0,136.777
765,pH_9.0,150uM_2,21.0,142.083
766,pH_9.0,150uM_2,22.0,142.648
767,pH_9.0,150uM_2,23.0,146.044
768,pH_9.0,150uM_2,24.0,144.589
769,pH_9.0,150uM_2,25.0,146.569
770,pH_9.0,150uM_2,26.0,149.329
771,pH_9.0,150uM_2,27.0,151.213
772,pH_9.0,150uM_2,28.0,151.997
773,pH_9.0,150uM_2,29.0,152.627
774,pH_9.0,150uM_2,30.0,157.736
775,pH_9.0,15uM_1,0.0,335.429
776,pH_9.0,15uM_1,1.0,336.051
777,pH_9.0,15uM_1,2.0,336.648
778,pH_9.0,15uM_1,3.0,336.745
779,pH_9.0,15uM_1,4.0,337.443
780,pH_9.0,15uM_1,5.0,337.451
781,pH_9.0,15uM_1,6.0,338.775
782,pH_9.0,15uM_1,7.0,338.766
783,pH_9.0,15uM_1,8.0,339.7
784,pH_9.0,15uM_1,9.0,340.092
785,pH_9.0,15uM_1,10.0,340.681
786,pH_9.0,15uM_1,11.0,341.169
787,pH_9.0,15uM_1,12.0,341.695
788,pH_9.0,15uM_1,13.0,341.826
789,pH_9.0,15uM_1,14.0,343.339
790,pH_9.0,15uM_1,15.0,342.978
791,pH_9.0,15uM_1,16.0,343.887
792,pH_9.0,15uM_1,17.0,344.671
793,pH_9.0,15uM_1,18.0,344.597
794,pH_9.0,15uM_1,19.0,346.13
795,pH_9.0,15uM_1,20.0,346.584
796,pH_9.0,15uM_1,21.0,346.694
797,pH_9.0,15uM_1,22.0,347.327
798,pH_9.0,15uM_1,23.0,348.628
799,pH_9.0,15uM_1,24.0,348.664
800,pH_9.0,15uM_1,25.0,349.085
801,pH_9.0,15uM_1,26.0,349.21
802,pH_9.0,15uM_1,27.0,350.852
803,pH_9.0,15uM_1,28.0,350.971
804,pH_9.0,15uM_1,29.0,351.634
805,pH_9.0,15uM_1,30.0,351.835
806,pH_9.0,"1,5uM_4",0.0,78.2784
807,pH_9.0,"1,5uM_4",1.0,78.4696
808,pH_9.0,"1,5uM_4",2.0,78.2517
809,pH_9.0,"1,5uM_4",3.0,78.4996
810,pH_9.0,"1,5uM_4",4.0,78.6814
811,pH_9.0,"1,5uM_4",5.0,78.6886
812,pH_9.0,"1,5uM_4",6.0,78.9894
813,pH_9.0,"1,5uM_4",7.0,78.9251
814,pH_9.0,"1,5uM_4",8.0,78.9465
815,pH_9.0,"1,5uM_4",9.0,79.2355
816,pH_9.0,"1,5uM_4",10.0,79.2659
817,pH_9.0,"1,5uM_4",11.0,79.3035
818,pH_9.0,"1,5uM_4",12.0,79.3555
819,pH_9.0,"1,5uM_4",13.0,79.3557
820,pH_9.0,"1,5uM_4",14.0,79.7163
821,pH_9.0,"1,5uM_4",15.0,79.6719
822,pH_9.0,"1,5uM_4",16.0,79.7575
823,pH_9.0,"1,5uM_4",17.0,79.8315
824,pH_9.0,"1,5uM_4",18.0,80.0187
825,pH_9.0,"1,5uM_4",19.0,80.2897
826,pH_9.0,"1,5uM_4",20.0,80.148
827,pH_9.0,"1,5uM_4",21.0,80.1744
828,pH_9.0,"1,5uM_4",22.0,80.2133
829,pH_9.0,"1,5uM_4",23.0,80.3754
830,pH_9.0,"1,5uM_4",24.0,80.6527
831,pH_9.0,"1,5uM_4",25.0,80.6615
832,pH_9.0,"1,5uM_4",26.0,80.6599
833,pH_9.0,"1,5uM_4",27.0,80.7446
834,pH_9.0,"1,5uM_4",28.0,80.6909
835,pH_9.0,"1,5uM_4",29.0,80.9673
836,pH_9.0,"1,5uM_4",30.0,80.9581
837,pH_9.0,"1,5uM_3",0.0,74.3167
838,pH_9.0,"1,5uM_3",1.0,74.6857
839,pH_9.0,"1,5uM_3",2.0,74.5975
840,pH_9.0,"1,5uM_3",3.0,74.8374
841,pH_9.0,"1,5uM_3",4.0,75.0173
842,pH_9.0,"1,5uM_3",5.0,74.8978
843,pH_9.0,"1,5uM_3",6.0,75.2665
844,pH_9.0,"1,5uM_3",7.0,75.3743
845,pH_9.0,"1,5uM_3",8.0,75.4409
846,pH_9.0,"1,5uM_3",9.0,75.5485
847,pH_9.0,"1,5uM_3",10.0,75.6005
848,pH_9.0,"1,5uM_3",11.0,75.9309
849,pH_9.0,"1,5uM_3",12.0,75.9624
850,pH_9.0,"1,5uM_3",13.0,75.908
851,pH_9.0,"1,5uM_3",14.0,76.0212
852,pH_9.0,"1,5uM_3",15.0,76.2105
853,pH_9.0,"1,5uM_3",16.0,76.3014
854,pH_9.0,"1,5uM_3",17.0,76.1848
855,pH_9.0,"1,5uM_3",18.0,76.378
856,pH_9.0,"1,5uM_3",19.0,76.5499
857,pH_9.0,"1,5uM_3",20.0,76.5337
858,pH_9.0,"1,5uM_3",21.0,76.7883
859,pH_9.0,"1,5uM_3",22.0,76.7927
860,pH_9.0,"1,5uM_3",23.0,76.9842
861,pH_9.0,"1,5uM_3",24.0,77.0885
862,pH_9.0,"1,5uM_3",25.0,77.0135
863,pH_9.0,"1,5uM_3",26.0,77.1447
864,pH_9.0,"1,5uM_3",27.0,77.1976
865,pH_9.0,"1,5uM_3",28.0,77.2617
866,pH_9.0,"1,5uM_3",29.0,77.2792
867,pH_9.0,"1,5uM_3",30.0,77.5661
868,pH_9.0,"1,5uM_2",0.0,71.5708
869,pH_9.0,"1,5uM_2",1.0,71.7111
870,pH_9.0,"1,5uM_2",2.0,71.8137
871,pH_9.0,"1,5uM_2",3.0,71.7258
872,pH_9.0,"1,5uM_2",4.0,71.785
873,pH_9.0,"1,5uM_2",5.0,71.9968
874,pH_9.0,"1,5uM_2",6.0,72.0314
875,pH_9.0,"1,5uM_2",7.0,72.2899
876,pH_9.0,"1,5uM_2",8.0,72.1219
877,pH_9.0,"1,5uM_2",9.0,72.2024
878,pH_9.0,"1,5uM_2",10.0,72.4445
879,pH_9.0,"1,5uM_2",11.0,72.185
880,pH_9.0,"1,5uM_2",12.0,72.3993
881,pH_9.0,"1,5uM_2",13.0,72.6322
882,pH_9.0,"1,5uM_2",14.0,72.6408
883,pH_9.0,"1,5uM_2",15.0,72.6453
884,pH_9.0,"1,5uM_2",16.0,72.8555
885,pH_9.0,"1,5uM_2",17.0,72.8092
886,pH_9.0,"1,5uM_2",18.0,72.9212
887,pH_9.0,"1,5uM_2",19.0,72.8773
888,pH_9.0,"1,5uM_2",20.0,73.3106
889,pH_9.0,"1,5uM_2",21.0,73.2945
890,pH_9.0,"1,5uM_2",22.0,73.1946
891,pH_9.0,"1,5uM_2",23.0,73.5883
892,pH_9.0,"1,5uM_2",24.0,73.7588
893,pH_9.0,"1,5uM_2",25.0,73.78
894,pH_9.0,"1,5uM_2",26.0,73.5722
895,pH_9.0,"1,5uM_2",27.0,73.7374
896,pH_9.0,"1,5uM_2",28.0,73.8745
897,pH_9.0,"1,5uM_2",29.0,73.8653
898,pH_9.0,"1,5uM_2",30.0,74.1207
899,pH_9.0,47uM_2,0.0,25.2453
900,pH_9.0,47uM_2,1.0,26.0648
901,pH_9.0,47uM_2,2.0,26.5641
902,pH_9.0,47uM_2,3.0,27.1876
903,pH_9.0,47uM_2,4.0,27.6843
904,pH_9.0,47uM_2,5.0,27.8184
905,pH_9.0,47uM_2,6.0,28.497
906,pH_9.0,47uM_2,7.0,29.1171
907,pH_9.0,47uM_2,8.0,29.5529
908,pH_9.0,47uM_2,9.0,30.6191
909,pH_9.0,47uM_2,10.0,30.9378
910,pH_9.0,47uM_2,11.0,31.2149
911,pH_9.0,47uM_2,12.0,31.3045
912,pH_9.0,47uM_2,13.0,32.3271
913,pH_9.0,47uM_2,14.0,32.8743
914,pH_9.0,47uM_2,15.0,33.4181
915,pH_9.0,47uM_2,16.0,33.3754
916,pH_9.0,47uM_2,17.0,33.7258
917,pH_9.0,47uM_2,18.0,34.9494
918,pH_9.0,47uM_2,19.0,35.2792
919,pH_9.0,47uM_2,20.0,35.8931
920,pH_9.0,47uM_2,21.0,36.5133
921,pH_9.0,47uM_2,22.0,36.5283
922,pH_9.0,47uM_2,23.0,37.3986
923,pH_9.0,47uM_2,24.0,37.798
924,pH_9.0,47uM_2,25.0,38.3527
925,pH_9.0,47uM_2,26.0,38.8161
926,pH_9.0,47uM_2,27.0,39.0376
927,pH_9.0,47uM_2,28.0,39.653
928,pH_9.0,47uM_2,29.0,40.0857
929,pH_9.0,47uM_2,30.0,40.8897
930,pH_9.0,"4,7uM_3",0.0,307.463
931,pH_9.0,"4,7uM_3",1.0,307.753
932,pH_9.0,"4,7uM_3",2.0,308.104
933,pH_9.0,"4,7uM_3",3.0,308.959
934,pH_9.0,"4,7uM_3",4.0,309.089
935,pH_9.0,"4,7uM_3",5.0,309.306
936,pH_9.0,"4,7uM_3",6.0,310.261
937,pH_9.0,"4,7uM_3",7.0,310.42
938,pH_9.0,"4,7uM_3",8.0,310.602
939,pH_9.0,"4,7uM_3",9.0,311.507
940,pH_9.0,"4,7uM_3",10.0,311.47
941,pH_9.0,"4,7uM_3",11.0,311.126
942,pH_9.0,"4,7uM_3",12.0,311.676
943,pH_9.0,"4,7uM_3",13.0,312.197
944,pH_9.0,"4,7uM_3",14.0,312.276
945,pH_9.0,"4,7uM_3",15.0,312.931
946,pH_9.0,"4,7uM_3",16.0,313.29
947,pH_9.0,"4,7uM_3",17.0,313.42
948,pH_9.0,"4,7uM_3",18.0,314.198
949,pH_9.0,"4,7uM_3",19.0,314.295
950,pH_9.0,"4,7uM_3",20.0,314.533
951,pH_9.0,"4,7uM_3",21.0,315.27
952,pH_9.0,"4,7uM_3",22.0,315.146
953,pH_9.0,"4,7uM_3",23.0,315.803
954,pH_9.0,"4,7uM_3",24.0,316.63
955,pH_9.0,"4,7uM_3",25.0,316.222
956,pH_9.0,"4,7uM_3",26.0,316.965
957,pH_9.0,"4,7uM_3",27.0,316.503
958,pH_9.0,"4,7uM_3",28.0,317.392
959,pH_9.0,"4,7uM_3",29.0,317.623
960,pH_9.0,"4,7uM_3",30.0,317.758
961,pH_9.0,15uM_2,0.0,369.16
962,pH_9.0,15uM_2,1.0,370.382
963,pH_9.0,15uM_2,2.0,370.257
964,pH_9.0,15uM_2,3.0,370.706
965,pH_9.0,15uM_2,4.0,371.347
966,pH_9.0,15uM_2,5.0,372.062
967,pH_9.0,15uM_2,6.0,373.341
968,pH_9.0,15uM_2,7.0,373.182
969,pH_9.0,15uM_2,8.0,373.638
970,pH_9.0,15uM_2,9.0,374.554
971,pH_9.0,15uM_2,10.0,375.083
972,pH_9.0,15uM_2,11.0,375.19
973,pH_9.0,15uM_2,12.0,376.006
974,pH_9.0,15uM_2,13.0,376.766
975,pH_9.0,15uM_2,14.0,377.488
976,pH_9.0,15uM_2,15.0,378.132
977,pH_9.0,15uM_2,16.0,378.258
978,pH_9.0,15uM_2,17.0,378.955
979,pH_9.0,15uM_2,18.0,379.683
980,pH_9.0,15uM_2,19.0,379.615
981,pH_9.0,15uM_2,20.0,381.205
982,pH_9.0,15uM_2,21.0,381.702
983,pH_9.0,15uM_2,22.0,382.202
984,pH_9.0,15uM_2,23.0,382.991
985,pH_9.0,15uM_2,24.0,383.578
986,pH_9.0,15uM_2,25.0,383.389
987,pH_9.0,15uM_2,26.0,385.73
988,pH_9.0,15uM_2,27.0,385.398
989,pH_9.0,15uM_2,28.0,386.327
990,pH_9.0,15uM_2,29.0,386.178
991,pH_9.0,15uM_2,30.0,387.285
992,calibration,50nM_1,0.0,50.0678
993,calibration,50nM_1,1.0,49.9778
994,calibration,50nM_1,2.0,49.9396
995,calibration,50nM_1,3.0,49.9342
996,calibration,50nM_1,4.0,49.9403
997,calibration,50nM_1,5.0,50.0225
998,calibration,50nM_1,6.0,49.9724
999,calibration,50nM_1,7.0,49.9
1000,calibration,50nM_1,8.0,49.9283
1001,calibration,50nM_1,9.0,49.9366
1002,calibration,50nM_1,10.0,49.9109
1003,calibration,10pM_3,0.0,0.1364
1004,calibration,10pM_3,1.0,0.1244
1005,calibration,10pM_3,2.0,0.1197
1006,calibration,10pM_3,3.0,0.1247
1007,calibration,10pM_3,4.0,0.147
1008,calibration,10pM_3,5.0,0.1157
1009,calibration,10pM_3,6.0,0.1308
1010,calibration,10pM_3,7.0,0.1416
1011,calibration,10pM_3,8.0,0.1328
1012,calibration,10pM_3,9.0,0.1518
1013,calibration,10pM_3,10.0,0.1139
1014,calibration,100nM_2,0.0,49.909
1015,calibration,100nM_2,1.0,49.9558
1016,calibration,100nM_2,2.0,50.0083
1017,calibration,100nM_2,3.0,50.1367
1018,calibration,100nM_2,4.0,49.799
1019,calibration,100nM_2,5.0,49.9295
1020,calibration,100nM_2,6.0,49.9503
1021,calibration,100nM_2,7.0,49.7839
1022,calibration,100nM_2,8.0,50.0469
1023,calibration,100nM_2,9.0,49.891
1024,calibration,100nM_2,10.0,49.9966
1025,calibration,10nM_1,0.0,7.3307
1026,calibration,10nM_1,1.0,7.3187
1027,calibration,10nM_1,2.0,7.3842
1028,calibration,10nM_1,3.0,7.3664
1029,calibration,10nM_1,4.0,7.3795
1030,calibration,10nM_1,5.0,7.3586
1031,calibration,10nM_1,6.0,7.308
1032,calibration,10nM_1,7.0,7.3472
1033,calibration,10nM_1,8.0,7.3678
1034,calibration,10nM_1,9.0,7.3276
1035,calibration,10nM_1,10.0,7.3519
1036,calibration,1nM_1,0.0,0.6313
1037,calibration,1nM_1,1.0,0.6334
1038,calibration,1nM_1,2.0,0.6595
1039,calibration,1nM_1,3.0,0.6728
1040,calibration,1nM_1,4.0,0.6483
1041,calibration,1nM_1,5.0,0.649
1042,calibration,1nM_1,6.0,0.6129
1043,calibration,1nM_1,7.0,0.6243
1044,calibration,1nM_1,8.0,0.6535
1045,calibration,1nM_1,9.0,0.6409
1046,calibration,1nM_1,10.0,0.6358
1047,calibration,100nM_1,0.0,49.9218
1048,calibration,100nM_1,1.0,49.8864
1049,calibration,100nM_1,2.0,49.9057
1050,calibration,100nM_1,3.0,49.9983
1051,calibration,100nM_1,4.0,49.9251
1052,calibration,100nM_1,5.0,49.9681
1053,calibration,100nM_1,6.0,50.1254
1054,calibration,100nM_1,7.0,50.0491
1055,calibration,100nM_1,8.0,50.0999
1056,calibration,100nM_1,9.0,49.9751
1057,calibration,100nM_1,10.0,50.0767
1058,calibration,100pM_2,0.0,0.158
1059,calibration,100pM_2,1.0,0.1669
1060,calibration,100pM_2,2.0,0.1626
1061,calibration,100pM_2,3.0,0.1294
1062,calibration,100pM_2,4.0,0.1685
1063,calibration,100pM_2,5.0,0.1526
1064,calibration,100pM_2,6.0,0.1797
1065,calibration,100pM_2,7.0,0.146
1066,calibration,100pM_2,8.0,0.172
1067,calibration,100pM_2,9.0,0.1414
1068,calibration,100pM_2,10.0,0.1607
1069,calibration,10pM_1,0.0,0.1652
1070,calibration,10pM_1,1.0,0.1453
1071,calibration,10pM_1,2.0,0.1354
1072,calibration,10pM_1,3.0,0.1336
1073,calibration,10pM_1,4.0,0.1375
1074,calibration,10pM_1,5.0,0.1534
1075,calibration,10pM_1,6.0,0.1425
1076,calibration,10pM_1,7.0,0.1406
1077,calibration,10pM_1,8.0,0.1341
1078,calibration,10pM_1,9.0,0.1309
1079,calibration,10pM_1,10.0,0.1272
1080,calibration,10nM_3,0.0,7.3542
1081,calibration,10nM_3,1.0,7.3349
1082,calibration,10nM_3,2.0,7.308
1083,calibration,10nM_3,3.0,7.3354
1084,calibration,10nM_3,4.0,7.3019
1085,calibration,10nM_3,5.0,7.3894
1086,calibration,10nM_3,6.0,7.3634
1087,calibration,10nM_3,7.0,7.3366
1088,calibration,10nM_3,8.0,7.3431
1089,calibration,10nM_3,9.0,7.3423
1090,calibration,10nM_3,10.0,7.3363
1091,calibration,100pM_3,0.0,0.1761
1092,calibration,100pM_3,1.0,0.1609
1093,calibration,100pM_3,2.0,0.1622
1094,calibration,100pM_3,3.0,0.1666
1095,calibration,100pM_3,4.0,0.1558
1096,calibration,100pM_3,5.0,0.1578
1097,calibration,100pM_3,6.0,0.1744
1098,calibration,100pM_3,7.0,0.1346
1099,calibration,100pM_3,8.0,0.159
1100,calibration,100pM_3,9.0,0.1545
1101,calibration,100pM_3,10.0,0.1588
1102,calibration,10nM_2,0.0,7.3722
1103,calibration,10nM_2,1.0,7.3501
1104,calibration,10nM_2,2.0,7.3427
1105,calibration,10nM_2,3.0,7.3499
1106,calibration,10nM_2,4.0,7.3663
1107,calibration,10nM_2,5.0,7.3388
1108,calibration,10nM_2,6.0,7.3484
1109,calibration,10nM_2,7.0,7.3806
1110,calibration,10nM_2,8.0,7.3185
1111,calibration,10nM_2,9.0,7.3109
1112,calibration,10nM_2,10.0,7.3094
1113,calibration,1nM_3,0.0,0.6149
1114,calibration,1nM_3,1.0,0.6294
1115,calibration,1nM_3,2.0,0.6412
1116,calibration,1nM_3,3.0,0.6348
1117,calibration,1nM_3,4.0,0.6427
1118,calibration,1nM_3,5.0,0.624
1119,calibration,1nM_3,6.0,0.6299
1120,calibration,1nM_3,7.0,0.6171
1121,calibration,1nM_3,8.0,0.6174
1122,calibration,1nM_3,9.0,0.6384
1123,calibration,1nM_3,10.0,0.6049
1124,calibration,1nM_2,0.0,0.6264
1125,calibration,1nM_2,1.0,0.6311
1126,calibration,1nM_2,2.0,0.6305
1127,calibration,1nM_2,3.0,0.6139
1128,calibration,1nM_2,4.0,0.6097
1129,calibration,1nM_2,5.0,0.6371
1130,calibration,1nM_2,6.0,0.6398
1131,calibration,1nM_2,7.0,0.6296
1132,calibration,1nM_2,8.0,0.6317
1133,calibration,1nM_2,9.0,0.6337
1134,calibration,1nM_2,10.0,0.6373
1135,calibration,100pM_1,0.0,0.1946
1136,calibration,100pM_1,1.0,0.1445
1137,calibration,100pM_1,2.0,0.1565
1138,calibration,100pM_1,3.0,0.1732
1139,calibration,100pM_1,4.0,0.1693
1140,calibration,100pM_1,5.0,0.166
1141,calibration,100pM_1,6.0,0.1655
1142,calibration,100pM_1,7.0,0.1692
1143,calibration,100pM_1,8.0,0.1635
1144,calibration,100pM_1,9.0,0.1557
1145,calibration,100pM_1,10.0,0.157
1146,calibration,10pM_2,0.0,0.1325
1147,calibration,10pM_2,1.0,0.1415
1148,calibration,10pM_2,2.0,0.1336
1149,calibration,10pM_2,3.0,0.1196
1150,calibration,10pM_2,4.0,0.139
1151,calibration,10pM_2,5.0,0.1285
1152,calibration,10pM_2,6.0,0.1346
1153,calibration,10pM_2,7.0,0.1331
1154,calibration,10pM_2,8.0,0.1234
1155,calibration,10pM_2,9.0,0.1346
1156,calibration,10pM_2,10.0,0.1176
